Date,Topic,Post Type,Platform,The "Hook",CTA,Visual Directive
2026-06-01,The Authority Gap,Thought Leadership,LinkedIn,"Is your website actually hurting your sales?",Book an Audit,Slow vs Fast site comparison (Side-by-side)
2026-06-03,Client Success Showcase,Case Study,LinkedIn/Instagram,"How [Client] grew leads by 140% in 14 days.",Read Case Study,Cinematic before/after screen recording
2026-06-05,The 14-Day Sprint,Process/Speed,Instagram,"Why most web projects take too long (and how we fixed it).",View the Process,Fast-motion development montage
2026-06-08,Luxury Branding,Design Philosophy,LinkedIn,"Luxury isn't just a look. It's a feeling of trust.",Check the Portfolio,Close-up of magnetic button effect
2026-06-10,ROI of a Great Site,Educational,LinkedIn,"Calculated: The cost of a slow website.",Try the ROI Calculator,Static graphic showing $ potential loss
2026-06-12,Founders Story,Humanization,LinkedIn/Instagram,"Why I spent 20 years building for experts.",Schedule a Call,High-end photo of the founder
2026-06-15,Lead Scoring,Technical,LinkedIn,"How to qualify clients while you sleep.",Join the Circle,Graphic of the Project Planner steps
2026-06-17,SEO for Consultants,Educational,LinkedIn,"The 3 keywords every expert needs to rank for.",Download SEO Guide,Authority score bar graphic
2026-06-19,Inside the Titan Lab,Behind the scenes,Instagram,"Building the next world-class authority platform.",Apply for Q3,Raw footage of a design strategy session
2026-06-22,The Titans Promise,Trust/Values,LinkedIn,"Why we guarantee delivery in 14 days or [Incentive].",Book a Strategy Call,Close-up of the Success Guarantee badge
2026-06-24,Common Web Mistakes,Educational,LinkedIn/Instagram,"The 5 things killing your website conversion.",Get Free Audit,Carousel: 5 mistakes with solutions
2026-06-26,Mobile First Authority,Technical,LinkedIn,"If it doesn't work on a thumb, it doesn't work.",Check your Site,Mobile screen showing fluid UI
2026-06-29,Client Testimonial,Social Proof,LinkedIn/Instagram,"'They transformed my professional image in 2 weeks.'",Read Testimonials,Video clip of client (or stylized quote)
2026-06-30,Month in Review,Results,LinkedIn/Instagram,"4 Projects Launched. 128% Avg Revenue Growth.",Apply for next month,Collage of 4 logos + Growth metrics
