Metric,Target,Actual,Status,Notes
Monthly Recurring Revenue (MRR),"5,000","8,450",On Track,Up 15% from last month
Annual Recurring Revenue (ARR),"00,000","41,400",Exceeding,Driven by retainer upsells
Customer Acquisition Cost (CAC),"00","20",Good,Paid ads optimizing well
Lifetime Value (LTV),"5,000","8,500",Excellent,Retentions averaging 14 months
LTV:CAC Ratio,3:1,4.4:1,Elite,Highly profitable acquisition
Churn Rate,<5%,3.2%,Healthy,Focus on onboarding success
Net Profit Margin,>30%,38%,High,Low overhead agency model
Lead to Close Rate,20%,24%,Strong,Audit strategy converting well
Average Project Size,",500",",200",Stable,Upselling maintenance plans
Monthly New Leads,50,62,Growth,LinkedIn outreach performing
